{"cameraMode":{"drawMode":0,"name":"Shaded","section":"Shading Mode"},"sceneLighting":false,"audioPlay":false,"sceneViewState":{"m_AlwaysRefresh":false,"showFog":true,"showSkybox":false,"showFlares":true,"showImageEffects":true,"showParticleSystems":true,"showVisualEffectGraphs":true,"m_FxEnabled":true},"in2DMode":false,"pivot":{"x":-0.0010001659393310547,"y":0.40794703364372256,"z":-23.730894088745118},"rotation":{"x":-0.1479308158159256,"y":0.0011911720503121615,"z":-0.00011244785855524242,"w":-0.9888233542442322},"size":1.255042314529419,"orthographic":false}