{"cameraMode":{"drawMode":0,"name":"Shaded","section":"Shading Mode"},"sceneLighting":false,"audioPlay":false,"sceneViewState":{"m_AlwaysRefresh":false,"showFog":true,"showSkybox":false,"showFlares":true,"showImageEffects":true,"showParticleSystems":true,"showVisualEffectGraphs":true,"m_FxEnabled":true},"in2DMode":false,"pivot":{"x":-0.7659184336662293,"y":0.501988410949707,"z":-1.7881393432617188e-7},"rotation":{"x":-0.1479308158159256,"y":0.0011911720503121615,"z":-0.00011244785855524242,"w":-0.9888233542442322},"size":2.490701198577881,"orthographic":false}