{"cameraMode":{"drawMode":0,"name":"Shaded","section":"Shading Mode"},"sceneLighting":false,"audioPlay":false,"sceneViewState":{"m_AlwaysRefresh":false,"showFog":true,"showSkybox":false,"showFlares":true,"showImageEffects":true,"showParticleSystems":true,"showVisualEffectGraphs":true,"m_FxEnabled":true},"in2DMode":false,"pivot":{"x":-0.030005663633346559,"y":-2.089571952819824,"z":-13.027809143066407},"rotation":{"x":-0.1479308158159256,"y":0.0011911720503121615,"z":-0.00011244785855524242,"w":-0.9888233542442322},"size":0.4163959324359894,"orthographic":false}