{"cameraMode":{"drawMode":0,"name":"Shaded","section":"Shading Mode"},"sceneLighting":false,"audioPlay":false,"sceneViewState":{"m_AlwaysRefresh":false,"showFog":false,"showSkybox":false,"showFlares":false,"showImageEffects":false,"showParticleSystems":false,"showVisualEffectGraphs":true,"m_FxEnabled":true},"in2DMode":false,"pivot":{"x":-0.7400565147399902,"y":1.420821189880371,"z":-0.11418914794921875},"rotation":{"x":-0.27237987518310549,"y":0.02279604971408844,"z":-0.006435840856283903,"w":-0.9616873860359192},"size":1.8046364784240723,"orthographic":false}